<?xml version="1.0" encoding="UTF-8"?>
<registrationRequest xmlns="http://www.broservices.nl/xsd/isgld/1.0"
    xmlns:wml2="http://www.opengis.net/waterml/2.0"
    xmlns:gmd="http://www.isotc211.org/2005/gmd"
    xmlns:gco="http://www.isotc211.org/2005/gco"
    xmlns:om="http://www.opengis.net/om/2.0"
    xmlns:swe="http://www.opengis.net/swe/2.0"
    xmlns:brocom="http://www.broservices.nl/xsd/brocommon/3.0"
    xmlns:gldcom="http://www.broservices.nl/xsd/gldcommon/1.0"
    xmlns:gml="http://www.opengis.net/gml/3.2"
    xmlns:xlink="http://www.w3.org/1999/xlink"
    xmlns:xsi="http://www.w3.org/2001/XMLSchema-instance" xsi:schemaLocation="http://www.broservices.nl/xsd/isgld/1.0 https://schema.broservices.nl/xsd/isgld/1.0/isgld-messages.xsd">
    <!-- Disclaimer: dit voorbeeldbericht valideert tegen de validatieservice van het demo-bronhouderportaal, maar de gegevens zijn fictief en waarschijnlijk niet correct.
	Het bericht 11_GLD_Addition_sensorisch.xml voegt een observatie toe aan het grondwaterstandonderzoek. -->

    <!--Inhoud:
        1 Observation (Observatie) met een reguliere, sensorische meting
        met 1 MeasurementTimeseries (Tijdmeetwaardereeks) met daarin 4 MeasurementTVPs (Tijdmeetwaardeparen)
        en een volledig uitgeschreven ObservationProcess (Observatieproces).
    -->
    <brocom:requestReference>11_GLD_Addition_sensorisch</brocom:requestReference>
    <!--Optioneel:-->
    <brocom:deliveryAccountableParty>27376655</brocom:deliveryAccountableParty>
    <!--Optioneel: maar verplicht bij een GLD_Addition brondocument -->
    <brocom:broId>GLD000000000153</brocom:broId>
    <brocom:qualityRegime>IMBRO</brocom:qualityRegime>
    <!--Optioneenl: maar niet toegestaan bij GLD
    <brocom:underPrivilege>ja</brocom:underPrivilege>
    -->
    <sourceDocument>
        <GLD_Addition gml:id="id_0001">
            <observation>
                <om:OM_Observation gml:id="_09722017-d5be-4d47-b966-4dda6abfa02b">
                    <om:type xlink:href="http://www.opengis.net/def/observationType/waterml/2.0/MeasurementTimeseriesTVPObservation"/>
                    <om:metadata>
                        <wml2:ObservationMetadata>
                            <gmd:contact>
                                <gmd:CI_ResponsibleParty>
                                    <gmd:organisationName>
                                        <!-- vaste waarde; lege string voor de naam van de organisatie. -->
                                        <gco:CharacterString/>
                                    </gmd:organisationName>
                                    <gmd:role>
                                        <!-- vaste waarde; geeft aan dat de contactgegevens de uitvoerder betreffen. -->
                                        <gmd:CI_RoleCode codeList="urn:ISO:19115:CI_RoleCode" codeListValue="principalInvestigator">principalInvestigator</gmd:CI_RoleCode>
                                    </gmd:role>
                                </gmd:CI_ResponsibleParty>
                            </gmd:contact>
                            <!-- nilReason="unknown" als de waarde van dateStamp niet bekend is. -->
                            <!-- gmd:dateStamp gco:nilReason="unknown"/ -->
                            <gmd:dateStamp>
                                <!-- Keuze uit de volgende opties als de waarde van dateStamp bekend is; volledige datum, jaar en maand of alleen jaartal. -->
                                <!--
                                <gco:Date>2018-01-28</gco:Date>
                                <gco:Date>2018-01</gco:Date>
                                <gco:Date>2018</gco:Date>
                                -->
                                <gco:Date>2018-01-28</gco:Date>
                            </gmd:dateStamp>
                            <!-- vaste waarde -->
                            <gmd:identificationInfo gco:nilReason="unknown"/>
                            <wml2:status xlink:href="urn:bro:gld:StatusCode:voorlopig"/>
                            <wml2:parameter>
                                <om:NamedValue>
                                    <!-- vaste waarde; geeft aan dat deze namedValue de uitvoerder bevat -->
                                    <om:name xlink:href="urn:bro:gld:ObservationMetadata:principalInvestigator"/>
                                    <!-- Keuze uit de volgende 3 opties. -->
                                    <!--
                                    <!- value met daarin een KvKNummer.->
                                    <om:value xsi:type="gldcom:OrganizationType">
                                         <gldcom:chamberOfCommerceNumber>27376655</gldcom:chamberOfCommerceNumber>
                                    </om:value>
                                    <!- value met daarin een europees handelsnummer.->
									<om:value xsi:type="gldcom:OrganizationType">
										<gldcom:europeanCompanyRegistrationNumber>DEB8537.HRB66039</gldcom:europeanCompanyRegistrationNumber>
									</om:value>
                                    <!- lege value geeft aan dat de waarde van de identificatie van de uitvoerder afwezig is.->
									<om:value xsi:type="gldcom:OrganizationType"/>
                                    -->
                                    <om:value xsi:type="gldcom:OrganizationType">
                                        <gldcom:chamberOfCommerceNumber>27376655</gldcom:chamberOfCommerceNumber>
                                    </om:value>
                                </om:NamedValue>
                            </wml2:parameter>
                            <wml2:parameter>
                                <om:NamedValue>
                                    <!-- vaste waarde; geeft aan dat deze namedValue het type observatie bevat. -->
                                    <om:name xlink:href="urn:bro:gld:ObservationMetadata:observationType"/>
                                    <om:value xsi:type="gml:CodeWithAuthorityType" codeSpace="urn:bro:gld:ObservationType">reguliereMeting</om:value>
                                </om:NamedValue>
                            </wml2:parameter>
                        </wml2:ObservationMetadata>
                    </om:metadata>
                    <om:phenomenonTime>
                        <gml:TimePeriod gml:id="id_0005">
                            <gml:beginPosition>2018-01-07</gml:beginPosition>
                            <gml:endPosition>2100-01-28</gml:endPosition>
                        </gml:TimePeriod>
                    </om:phenomenonTime>
                    <om:resultTime>
                        <gml:TimeInstant gml:id="id_0006">
                            <!--Keuze uit de volgende 5 opties; tijdstip, volledige datum, jaar en maand, alleen jaartal of onbekend-->
                            <!--
                            <gml:timePosition>2018-02-04T09:01:52+01:00</gml:timePosition>
                            <gml:timePosition>2018-02-04</gml:timePosition>
                            <gml:timePosition>2018-02</gml:timePosition>
                            <gml:timePosition>2018</gml:timePosition>
                            <gml:timePosition indeterminatePosition="unknown" />
                            -->
                            <gml:timePosition>2018-01-28T16:58:07+01:00</gml:timePosition>
                        </gml:TimeInstant>
                    </om:resultTime>
                    <om:procedure>
                        <wml2:ObservationProcess gml:id="_e1821667-0704-47c0-ade5-5fda651f0895">
                            <wml2:processType xlink:href="http://www.opengis.net/def/waterml/2.0/processType/Algorithm"/>
                            <wml2:processReference xlink:href="urn:bro:gld:ProcessReference:NEN5120v1991"/>
                            <!-- optioneel -->
                            <!--
                            <wml2:parameter>
                            <om:NamedValue>
                            <om:name xlink:href="urn:bro:gld:ObservationProcess:airPressureCompensationType"/>
                            <om:value xsi:type="gml:CodeWithAuthorityType" codeSpace="urn:bro:gld:AirPressureCompensationType">KNMImeting</om:value>
                            </om:NamedValue>
                            </wml2:parameter>
                            -->
                            <wml2:parameter>
                                <om:NamedValue>
                                    <!-- vaste waarde; geeft aan dat deze parameter de evaluatieprocedure bevat. -->
                                    <om:name xlink:href="urn:bro:gld:ObservationProcess:evaluationProcedure"/>
                                    <om:value xsi:type="gml:CodeWithAuthorityType" codeSpace="urn:bro:gld:EvaluationProcedure">oordeelDeskundige</om:value>
                                </om:NamedValue>
                            </wml2:parameter>
                            <wml2:parameter>
                                <om:NamedValue>
                                    <!-- vaste waarde; geeft aan dat deze parameter het type instrument bevat. -->
                                    <om:name xlink:href="urn:bro:gld:ObservationProcess:measurementInstrumentType"/>
                                    <om:value xsi:type="gml:CodeWithAuthorityType" codeSpace="urn:bro:gld:MeasurementInstrumentType">akoestischeSensor</om:value>
                                </om:NamedValue>
                            </wml2:parameter>
                        </wml2:ObservationProcess>
                    </om:procedure>
                    <!-- vaste, lege waarde. -->
                    <om:observedProperty/>
                    <!-- vaste, lege waarde. -->
                    <om:featureOfInterest/>
                    <om:result>
                        <wml2:MeasurementTimeseries gml:id="_53387174-d17e-4aeb-90c2-13c50c4b83a9">
                            <!-- 1 of meer keer. -->
                            <wml2:point>
                                <wml2:MeasurementTVP>
                                    <wml2:time>2018-01-07T08:14:38+01:00</wml2:time>
                                    <wml2:value uom="m">-4.345</wml2:value>
                                    <wml2:metadata>
                                        <wml2:TVPMeasurementMetadata>
                                            <wml2:qualifier>
                                                <swe:Category>
                                                    <!-- vaste waarde; aanduiding van de gebruikte codelijst. -->
                                                    <swe:codeSpace xlink:href="urn:bro:gld:StatusQualityControl"/>
                                                    <swe:value>goedgekeurd</swe:value>
                                                </swe:Category>
                                            </wml2:qualifier>
                                            <!-- optioneel
                                            <wml2:qualifier>
                                                <swe:Quantity definition="urn:bro:gld:PointMetadata:censoringLimitvalue">
                                                    <swe:uom code="m"/>
                                                    <swe:value>?</swe:value>
                                                </swe:Quantity>
                                            </wml2:qualifier>
                                            -->
                                            <wml2:interpolationType xlink:href="http://www.opengis.net/def/waterml/2.0/interpolationType/Discontinuous"/>
                                            <!-- optioneel
                                            <wml2:censoredReason xlink:href="?"/>
                                            -->
                                        </wml2:TVPMeasurementMetadata>
                                    </wml2:metadata>
                                </wml2:MeasurementTVP>
                            </wml2:point>
                            <wml2:point>
                                <wml2:MeasurementTVP>
                                    <wml2:time>2018-01-14T15:44:25+01:00</wml2:time>
                                    <wml2:value uom="m">-4.987</wml2:value>
                                    <wml2:metadata>
                                        <wml2:TVPMeasurementMetadata>
                                            <wml2:qualifier>
                                                <swe:Category>
                                                    <swe:codeSpace xlink:href="urn:bro:gld:StatusQualityControl"/>
                                                    <swe:value>onbeslist</swe:value>
                                                </swe:Category>
                                            </wml2:qualifier>
                                            <wml2:interpolationType xlink:href="http://www.opengis.net/def/waterml/2.0/interpolationType/Discontinuous"/>
                                        </wml2:TVPMeasurementMetadata>
                                    </wml2:metadata>
                                </wml2:MeasurementTVP>
                            </wml2:point>
                            <wml2:point>
                                <wml2:MeasurementTVP>
                                    <wml2:time>2018-01-21T10:01:52+01:00</wml2:time>
                                    <wml2:value xsi:nil="true"/>
                                    <wml2:metadata>
                                        <wml2:TVPMeasurementMetadata>
                                            <wml2:qualifier>
                                                <swe:Category>
                                                    <swe:codeSpace xlink:href="urn:bro:gld:StatusQualityControl"/>
                                                    <swe:value>afgekeurd</swe:value>
                                                </swe:Category>
                                            </wml2:qualifier>
                                            <!-- optioneel -->
                                            <wml2:qualifier>
                                                <!-- vaste waarde; geeft aan dat deze qualifier de status censuurlimietwaarde bevat. -->
                                                <swe:Quantity definition="urn:bro:gld:PointMetadata:censoringLimitvalue">
                                                    <swe:uom code="m"/>
                                                    <!-- optioneel, afwezigheid betekent 'waarde ontbreekt'. -->
                                                    <swe:value>-5.123</swe:value>
                                                </swe:Quantity>
                                            </wml2:qualifier>
                                            <wml2:interpolationType xlink:href="http://www.opengis.net/def/waterml/2.0/interpolationType/Discontinuous"/>
                                            <!-- optioneel -->
                                            <wml2:censoredReason xlink:href="http://www.opengis.net/def/nil/OGC/0/BelowDetectionRange"/>
                                        </wml2:TVPMeasurementMetadata>
                                    </wml2:metadata>
                                </wml2:MeasurementTVP>
                            </wml2:point>
                            <wml2:point>
                                <wml2:MeasurementTVP>
                                    <wml2:time>2018-01-28T16:58:07+01:00</wml2:time>
                                    <wml2:value uom="m">-4.788</wml2:value>
                                    <wml2:metadata>
                                        <wml2:TVPMeasurementMetadata>
                                            <wml2:qualifier>
                                                <swe:Category>
                                                    <swe:codeSpace xlink:href="urn:bro:gld:StatusQualityControl"/>
                                                    <swe:value>onbekend</swe:value>
                                                </swe:Category>
                                            </wml2:qualifier>
                                            <wml2:interpolationType xlink:href="http://www.opengis.net/def/waterml/2.0/interpolationType/Discontinuous"/>
                                        </wml2:TVPMeasurementMetadata>
                                    </wml2:metadata>
                                </wml2:MeasurementTVP>
                            </wml2:point>
                        </wml2:MeasurementTimeseries>
                    </om:result>
                </om:OM_Observation>
            </observation>
        </GLD_Addition >
    </sourceDocument>
</registrationRequest>
