<ns:registrationRequest xmlns:ns="http://www.broservices.nl/xsd/isgmw/1.1"
   xmlns:ns1="http://www.broservices.nl/xsd/brocommon/3.0"
   xmlns:ns2="http://www.broservices.nl/xsd/gmwcommon/1.1"
   xmlns:ns3="http://www.opengis.net/gml/3.2">
   <ns1:requestReference>register - GMW_Construction - 018.   IMBRO - groundwaterMonitoringWell.maintenanceResponsibleParty</ns1:requestReference>
   <ns1:deliveryAccountableParty>52766179</ns1:deliveryAccountableParty>
   <ns1:qualityRegime>IMBRO</ns1:qualityRegime>
   <ns:sourceDocument>
      <ns:GMW_Construction>
         <ns:objectIdAccountableParty>B07F0076</ns:objectIdAccountableParty>
         <ns:deliveryContext codeSpace="urn:bro:gmw:DeliveryContext">publiekeTaak</ns:deliveryContext>
         <ns:constructionStandard codeSpace="urn:bro:gmw:ConstructionStandard">RWSgwmon</ns:constructionStandard>
         <ns:initialFunction codeSpace="urn:bro:gmw:InitialFunction">stand</ns:initialFunction>
         <ns:numberOfMonitoringTubes>1</ns:numberOfMonitoringTubes>
         <ns:groundLevelStable>ja</ns:groundLevelStable>
         <ns:owner>27376655</ns:owner>
         <ns:maintenanceResponsibleParty>27376655</ns:maintenanceResponsibleParty>
         <ns:wellHeadProtector codeSpace="urn:bro:gmw:WellHeadProtector">geen</ns:wellHeadProtector>
         <ns:wellConstructionDate>
            <ns1:date>2015-02-08</ns1:date>
         </ns:wellConstructionDate>
         <ns:deliveredLocation>
            <ns2:location ns3:id="id-f072811a-323d-40f4-8ebc-7fb0df43c660" srsName="urn:ogc:def:crs:EPSG::28992">
               <ns3:pos>134750.0 477800.0</ns3:pos>
            </ns2:location>
            <ns2:horizontalPositioningMethod codeSpace="urn:bro:gmw:HorizontalPositioningMethod">DGPS50tot200cm</ns2:horizontalPositioningMethod>
         </ns:deliveredLocation>
         <ns:deliveredVerticalPosition>
            <ns2:localVerticalReferencePoint codeSpace="urn:bro:gmw:LocalVerticalReferencePoint">NAP</ns2:localVerticalReferencePoint>
            <ns2:offset uom="m">0</ns2:offset>
            <ns2:verticalDatum codeSpace="urn:bro:gmw:VerticalDatum">NAP</ns2:verticalDatum>
            <ns2:groundLevelPosition uom="m">3.18</ns2:groundLevelPosition>
            <ns2:groundLevelPositioningMethod codeSpace="urn:bro:gmw:GroundLevelPositioningMethod">RTKGPS0tot4cm</ns2:groundLevelPositioningMethod>
         </ns:deliveredVerticalPosition>
         <ns:monitoringTube>
            <ns:tubeNumber>1</ns:tubeNumber>
            <ns:tubeType codeSpace="urn:bro:gmw:TubeType">standaardbuis</ns:tubeType>
            <ns:artesianWellCapPresent>nee</ns:artesianWellCapPresent>
            <ns:sedimentSumpPresent>ja</ns:sedimentSumpPresent>
            <ns:numberOfGeoOhmCables>1</ns:numberOfGeoOhmCables>
            <ns:tubeTopDiameter uom="mm">32</ns:tubeTopDiameter>
            <ns:variableDiameter>nee</ns:variableDiameter>
            <ns:tubeStatus codeSpace="urn:bro:gmw:TubeStatus">gebruiksklaar</ns:tubeStatus>
            <ns:tubeTopPosition uom="m">3.42</ns:tubeTopPosition>
            <ns:tubeTopPositioningMethod codeSpace="urn:bro:gmw:TubeTopPositioningMethod">onbekend</ns:tubeTopPositioningMethod>
            <ns:materialUsed>
               <ns2:tubePackingMaterial codeSpace="urn:bro:gmw:TubePackingMaterial">bentoniet</ns2:tubePackingMaterial>
               <ns2:tubeMaterial codeSpace="urn:bro:gmw:TubeMaterial">peHighDensity</ns2:tubeMaterial>
               <ns2:glue codeSpace="urn:bro:gmw:Glue">geen</ns2:glue>
            </ns:materialUsed>
            <ns:screen>
               <ns:screenLength uom="m">1</ns:screenLength>
               <ns:sockMaterial codeSpace="urn:bro:gmw:SockMaterial">geen</ns:sockMaterial>
            </ns:screen>
            <ns:plainTubePart>
               <ns2:plainTubePartLength uom="m">6.64</ns2:plainTubePartLength>
            </ns:plainTubePart>
            <ns:sedimentSump>
               <ns2:sedimentSumpLength uom="m">0.5</ns2:sedimentSumpLength>
            </ns:sedimentSump>
            <ns:geoOhmCable>
               <ns:cableNumber>1</ns:cableNumber>
               <ns:electrode>
                  <ns2:electrodeNumber>1</ns2:electrodeNumber>
                  <ns2:electrodePackingMaterial codeSpace="urn:bro:gmw:ElectrodePackingMaterial">zand</ns2:electrodePackingMaterial>
                  <ns2:electrodeStatus codeSpace="urn:bro:gmw:ElectrodeStatus">gebruiksklaar</ns2:electrodeStatus>
                  <ns2:electrodePosition uom="m">-2.63</ns2:electrodePosition>
               </ns:electrode>
               <ns:electrode>
                  <ns2:electrodeNumber>2</ns2:electrodeNumber>
                  <ns2:electrodePackingMaterial codeSpace="urn:bro:gmw:ElectrodePackingMaterial">zand</ns2:electrodePackingMaterial>
                  <ns2:electrodeStatus codeSpace="urn:bro:gmw:ElectrodeStatus">gebruiksklaar</ns2:electrodeStatus>
                  <ns2:electrodePosition uom="m">-3.98</ns2:electrodePosition>
               </ns:electrode>
            </ns:geoOhmCable>
         </ns:monitoringTube>
      </ns:GMW_Construction>
   </ns:sourceDocument>
</ns:registrationRequest>